SampleID	SeqProject	LCSETMax	ReadgroupsAggregated	GENDER	ANCESTRY	SeqTech	LibTech
Sample-001	G66919	LCSET-5036	3	Male	White	HiSeq2000	SAGE
Sample-002	G66919	LCSET-5036	3	Female	White	HiSeq2000	SAGE
Sample-003	G66919	LCSET-5036	3	Male	African American	HiSeq2000	SAGE
Sample-004	G66919	LCSET-5036	3	Male	African American	HiSeq2000	SAGE
Sample-005	G66919	LCSET-5036	3	Male	White	HiSeq2000	SAGE
Sample-006	G66919	LCSET-5036	3	Female	White	HiSeq2000	SAGE
Sample-007	G66919	LCSET-5036	3	Male	White	HiSeq2000	SAGE
Sample-008	G66919	LCSET-5036	3	Male	White	HiSeq2000	SAGE
Sample-009	G66919	LCSET-5036	3	Female	White	HiSeq2000	SAGE
Sample-010	G66919	LCSET-5036	3	Male	White	HiSeq2000	SAGE
Sample-011	G66919	LCSET-5036	3	Female	African American	HiSeq2000	SAGE
Sample-012	G66919	LCSET-5036	3	Male	White	HiSeq2000	SAGE
Sample-013	G66919	LCSET-5036	4	Female	White	HiSeq2000	SAGE
Sample-014	G66919	LCSET-5036	3	Male	White	HiSeq2000	SAGE
Sample-015	G66919	LCSET-5036	3	Male	White	HiSeq2000	SAGE
Sample-016	G66919	LCSET-5036	3	Male	White	HiSeq2000	SAGE
Sample-017	G66919	LCSET-5036	3	Male	White	HiSeq2000	SAGE
Sample-018	G66919	LCSET-5036	5	Male	White	HiSeq2000	SAGE
Sample-019	G66919	LCSET-5036	3	Female	White	HiSeq2000	SAGE
Sample-020	G66919	LCSET-5036	3	Male	White	HiSeq2000	SAGE
Sample-021	G66919	LCSET-5036	3	Male	White	HiSeq2000	SAGE
Sample-022	G66919	LCSET-5036	3	Female	White	HiSeq2000	SAGE
Sample-023	G66919	LCSET-5036	3	Female	White	HiSeq2000	SAGE
Sample-024	G66919	LCSET-5036	3	Male	White	HiSeq2000	SAGE
Sample-025	G66919	LCSET-5036	2	Female	White	HiSeq2000	SAGE
Sample-026	G66919	LCSET-5036	3	Male	White	HiSeq2000	SAGE
Sample-027	G66919	LCSET-5036	3	Male	White	HiSeq2000	SAGE
Sample-028	G66919	LCSET-5036	3	Male	African American	HiSeq2000	SAGE
Sample-029	G66919	LCSET-5036	3	Female	White	HiSeq2000	SAGE
Sample-030	G66919	LCSET-5036	3	Female	White	HiSeq2000	SAGE
Sample-031	G66919	LCSET-5036	4	Female	White	HiSeq2000	SAGE
Sample-032	G66919	LCSET-5036	3	Male	White	HiSeq2000	SAGE
Sample-033	G66919	LCSET-5036	3	Male	White	HiSeq2000	SAGE
Sample-034	G66919	LCSET-5036	3	Female	African American	HiSeq2000	SAGE
Sample-035	G66919	LCSET-5036	3	Male	White	HiSeq2000	SAGE
Sample-036	G66919	LCSET-5036	3	Male	White	HiSeq2000	SAGE
Sample-037	G66919	LCSET-5036	3	Male	White	HiSeq2000	SAGE
Sample-038	G66919	LCSET-5036	3	Male	White	HiSeq2000	SAGE
Sample-039	G66919	LCSET-5036	3	Female	White	HiSeq2000	SAGE
Sample-040	G66919	LCSET-5036	3	Female	White	HiSeq2000	SAGE
Sample-041	G66919	LCSET-5036	3	Female	White	HiSeq2000	SAGE
Sample-042	G66919	LCSET-5036	3	Female	White	HiSeq2000	SAGE
Sample-043	G66919	LCSET-5036	3	Female	White	HiSeq2000	SAGE
Sample-044	G66919	LCSET-5036	3	Male	African American	HiSeq2000	SAGE
Sample-045	G66919	LCSET-5036	3	Male	White	HiSeq2000	SAGE
Sample-046	G66919	LCSET-5036	3	Female	White	HiSeq2000	SAGE
Sample-047	G66919	LCSET-5036	3	Male	White	HiSeq2000	SAGE
Sample-048	G66919	LCSET-5036	3	Female	White	HiSeq2000	SAGE
Sample-049	G66919	LCSET-5036	3	Male	White	HiSeq2000	SAGE
Sample-050	G66919	LCSET-5036	3	Female	White	HiSeq2000	SAGE
Sample-051	G66919	LCSET-5036	3	Female	African American	HiSeq2000	SAGE
Sample-052	G66919	LCSET-5036	3	Female	White	HiSeq2000	SAGE
Sample-053	G66919	LCSET-5036	3	Male	White	HiSeq2000	SAGE
Sample-054	G66919	LCSET-5036	3	Female	White	HiSeq2000	SAGE
Sample-055	G66919	LCSET-5036	3	Male	White	HiSeq2000	SAGE
Sample-056	G66919	LCSET-5036	3	Male	Unknown	HiSeq2000	SAGE
Sample-057	G66919	LCSET-5036	3	Male	White	HiSeq2000	SAGE
Sample-058	G66919	LCSET-5036	3	Male	White	HiSeq2000	SAGE
Sample-059	G66919	LCSET-5036	3	Male	White	HiSeq2000	SAGE
Sample-060	G66919	LCSET-5036	3	Male	White	HiSeq2000	SAGE
Sample-061	G66919	LCSET-5036	3	Female	White	HiSeq2000	SAGE
Sample-062	G66919	LCSET-5036	3	Male	White	HiSeq2000	SAGE
Sample-063	G66919	LCSET-5036	3	Male	White	HiSeq2000	SAGE
Sample-064	G66919	LCSET-5036	3	Female	White	HiSeq2000	SAGE
Sample-065	G66919	LCSET-5036	3	Female	White	HiSeq2000	SAGE
Sample-066	G66919	LCSET-5036	3	Female	White	HiSeq2000	SAGE
Sample-067	G66919	LCSET-5036	3	Male	White	HiSeq2000	SAGE
Sample-068	G66919	LCSET-5036	3	Female	African American	HiSeq2000	SAGE
Sample-069	G67881	LCSET-5226	2	Male	African American	HiSeqX	SAGE
Sample-070	G67881	LCSET-5226	5	Male	White	HiSeqX	SAGE
Sample-071	G67881	LCSET-5270	4	Male	White	HiSeqX	SAGE
Sample-072	G67881	LCSET-5270	4	Male	White	HiSeqX	SAGE
Sample-073	G67881	LCSET-5270	3	Male	White	HiSeqX	SAGE
Sample-074	G67881	LCSET-5270	3	Female	White	HiSeqX	SAGE
Sample-075	G67881	LCSET-5270	3	Male	White	HiSeqX	SAGE
Sample-076	G67881	LCSET-5270	3	Female	White	HiSeqX	SAGE
Sample-077	G67881	LCSET-5270	3	Female	African American	HiSeqX	SAGE
Sample-078	G67881	LCSET-5270	3	Male	African American	HiSeqX	SAGE
Sample-079	G67881	LCSET-5270	3	Female	White	HiSeqX	SAGE
Sample-080	G67881	LCSET-5270	3	Male	White	HiSeqX	SAGE
Sample-081	G67881	LCSET-5270	3	Male	White	HiSeqX	SAGE
Sample-082	G67881	LCSET-5270	3	Male	White	HiSeqX	SAGE
Sample-083	G67881	LCSET-5270	4	Male	White	HiSeqX	SAGE
Sample-084	G67881	LCSET-5270	3	Female	White	HiSeqX	SAGE
Sample-085	G67881	LCSET-5270	3	Female	White	HiSeqX	SAGE
Sample-086	G67881	LCSET-5270	3	Male	White	HiSeqX	SAGE
Sample-087	G67881	LCSET-5270	3	Female	White	HiSeqX	SAGE
Sample-088	G67881	LCSET-5380	4	Female	White	HiSeqX	SAGE
Sample-089	G67881	LCSET-5380	4	Male	White	HiSeqX	SAGE
Sample-090	G67881	LCSET-5380	3	Male	White	HiSeqX	SAGE
Sample-091	G67881	LCSET-5431	4	Male	White	HiSeqX	SAGE
Sample-092	G67881	LCSET-5431	3	Male	White	HiSeqX	SAGE
Sample-093	G67881	LCSET-5431	2	Male	White	HiSeqX	SAGE
Sample-094	G67881	LCSET-5432	6	Female	White	HiSeqX	SAGE
Sample-095	G67881	LCSET-5432	6	Male	White	HiSeqX	SAGE
Sample-096	G67881	LCSET-5432	6	Female	White	HiSeqX	SAGE
Sample-097	G67881	LCSET-5432	5	Male	White	HiSeqX	SAGE
Sample-098	G67881	LCSET-5432	4	Male	White	HiSeqX	SAGE
Sample-099	G67881	LCSET-5432	6	Male	White	HiSeqX	SAGE
Sample-100	G67881	LCSET-5432	5	Male	White	HiSeqX	SAGE
Sample-101	G67881	LCSET-5433	5	Male	African American	HiSeqX	SAGE
Sample-102	G67881	LCSET-5433	5	Male	White	HiSeqX	SAGE
Sample-103	G67881	LCSET-5433	7	Male	White	HiSeqX	SAGE
Sample-104	G67881	LCSET-5433	5	Male	White	HiSeqX	SAGE
Sample-105	G67881	LCSET-5433	5	Female	White	HiSeqX	SAGE
Sample-106	G67881	LCSET-5433	5	Male	White	HiSeqX	SAGE
Sample-107	G67881	LCSET-5433	5	Female	White	HiSeqX	SAGE
Sample-108	G67881	LCSET-5433	5	Male	White	HiSeqX	SAGE
Sample-109	G67881	LCSET-5433	5	Male	African American	HiSeqX	SAGE
Sample-110	G67881	LCSET-5434	10	Male	African American	HiSeqX	SAGE
Sample-111	G67881	LCSET-5434	6	Male	White	HiSeqX	SAGE
Sample-112	G67881	LCSET-5434	6	Male	White	HiSeqX	SAGE
Sample-113	G67881	LCSET-5434	5	Male	White	HiSeqX	SAGE
Sample-114	G67881	LCSET-5434	6	Male	White	HiSeqX	SAGE
Sample-115	G67881	LCSET-5434	5	Female	African American	HiSeqX	SAGE
Sample-116	G67881	LCSET-5434	5	Female	White	HiSeqX	SAGE
Sample-117	G67881	LCSET-5434	6	Female	White	HiSeqX	SAGE
Sample-118	G67881	LCSET-5434	5	Male	White	HiSeqX	SAGE
Sample-119	G67881	LCSET-5434	6	Male	White	HiSeqX	SAGE
Sample-120	G67881	LCSET-5434	5	Female	African American	HiSeqX	SAGE
Sample-121	G67881	LCSET-5434	5	Female	White	HiSeqX	SAGE
Sample-122	G67881	LCSET-5434	5	Male	African American	HiSeqX	SAGE
Sample-123	G67881	LCSET-5434	6	Male	White	HiSeqX	SAGE
Sample-124	G67881	LCSET-5434	5	Male	White	HiSeqX	SAGE
Sample-125	G67881	LCSET-5435	5	Male	White	HiSeqX	SAGE
Sample-126	G67881	LCSET-5435	4	Male	White	HiSeqX	SAGE
Sample-127	G67881	LCSET-5435	8	Male	African American	HiSeqX	SAGE
Sample-128	G67881	LCSET-5435	3	Female	White	HiSeqX	SAGE
Sample-129	G67881	LCSET-5435	3	Male	White	HiSeqX	SAGE
Sample-130	G67881	LCSET-5435	3	Male	African American	HiSeqX	SAGE
Sample-131	G67881	LCSET-5435	3	Male	White	HiSeqX	SAGE
Sample-132	G67881	LCSET-5435	5	Male	White	HiSeqX	SAGE
Sample-133	G67881	LCSET-5435	3	Male	White	HiSeqX	SAGE
Sample-134	G67881	LCSET-5435	3	Female	African American	HiSeqX	SAGE
Sample-135	G67881	LCSET-5435	3	Male	White	HiSeqX	SAGE
Sample-136	G67881	LCSET-5435	5	Male	African American	HiSeqX	SAGE
Sample-137	G67881	LCSET-5435	3	Female	White	HiSeqX	SAGE
Sample-138	G67881	LCSET-5435	3	Male	White	HiSeqX	SAGE
Sample-139	G67881	LCSET-5435	3	Male	White	HiSeqX	SAGE
Sample-140	G67881	LCSET-5435	5	Male	White	HiSeqX	SAGE
Sample-141	G67881	LCSET-5436	6	Male	White	HiSeqX	SAGE
Sample-142	G67881	LCSET-5436	4	Male	White	HiSeqX	SAGE
Sample-143	G67881	LCSET-5436	4	Female	White	HiSeqX	SAGE
Sample-144	G67881	LCSET-5436	4	Female	White	HiSeqX	SAGE
Sample-145	G67881	LCSET-5436	4	Female	Asian	HiSeqX	SAGE
Sample-146	G67881	LCSET-5436	4	Male	White	HiSeqX	SAGE
Sample-147	G67881	LCSET-5436	5	Male	White	HiSeqX	SAGE
Sample-148	G67881	LCSET-5436	6	Female	White	HiSeqX	SAGE
Sample-149	G67881	LCSET-5436	4	Male	African American	HiSeqX	SAGE
Sample-150	G67881	LCSET-5436	4	Male	White	HiSeqX	SAGE
Sample-151	G67881	LCSET-5436	4	Male	African American	HiSeqX	SAGE
Sample-152	G67881	LCSET-5436	6	Female	African American	HiSeqX	SAGE
Sample-153	G67881	LCSET-5436	4	Male	White	HiSeqX	SAGE
Sample-154	G67881	LCSET-5436	4	Male	White	HiSeqX	SAGE
Sample-155	G67881	LCSET-5436	4	Male	White	HiSeqX	SAGE
Sample-156	G72990	LCSET-5895	10	Male	White	HiSeqX	SAGE
Sample-157	G72990	LCSET-5895	9	Male	Asian	HiSeqX	SAGE
Sample-158	G72990	LCSET-5895	10	Male	White	HiSeqX	SAGE
Sample-159	G72990	LCSET-5895	10	Female	White	HiSeqX	SAGE
Sample-160	G72990	LCSET-5895	9	Male	White	HiSeqX	SAGE
Sample-161	G72990	LCSET-5895	9	Female	White	HiSeqX	SAGE
Sample-162	G72990	LCSET-5895	9	Male	White	HiSeqX	SAGE
Sample-163	G72990	LCSET-5895	10	Male	White	HiSeqX	SAGE
Sample-164	G76371	LCSET-6032	1	NA	NA	HiSeqX	SAGE
Sample-165	G76371	LCSET-6032	1	NA	NA	HiSeqX	SAGE
Sample-166	G76371	LCSET-6032	1	NA	NA	HiSeqX	SAGE
Sample-167	G76371	LCSET-6032	1	NA	NA	HiSeqX	SAGE
Sample-168	G76371	LCSET-6032	1	NA	NA	HiSeqX	SAGE
Sample-169	G76371	LCSET-6032	1	NA	NA	HiSeqX	SAGE
Sample-170	G76371	LCSET-6032	1	NA	NA	HiSeqX	SAGE
Sample-171	G76371	LCSET-6032	1	NA	NA	HiSeqX	SAGE
Sample-172	G76371	LCSET-6032	1	NA	NA	HiSeqX	SAGE
Sample-173	G76371	LCSET-6032	1	NA	NA	HiSeqX	SAGE
Sample-174	G76371	LCSET-6032	1	NA	NA	HiSeqX	SAGE
Sample-175	G76371	LCSET-6032	1	NA	NA	HiSeqX	SAGE
Sample-176	G76371	LCSET-6032	1	NA	NA	HiSeqX	SAGE
Sample-177	G76371	LCSET-6032	1	NA	NA	HiSeqX	SAGE
Sample-178	G76371	LCSET-6032	1	NA	NA	HiSeqX	SAGE
Sample-179	G76371	LCSET-6032	1	NA	NA	HiSeqX	SAGE
Sample-180	G76371	LCSET-6032	1	NA	NA	HiSeqX	SAGE
Sample-181	G76371	LCSET-6032	1	NA	NA	HiSeqX	SAGE
Sample-182	G76371	LCSET-6032	1	NA	NA	HiSeqX	SAGE
Sample-183	G76371	LCSET-6032	1	NA	NA	HiSeqX	SAGE
Sample-184	G76371	LCSET-6032	1	NA	NA	HiSeqX	SAGE
Sample-185	G76371	LCSET-6032	1	NA	NA	HiSeqX	SAGE
Sample-186	G76371	LCSET-6032	1	NA	NA	HiSeqX	SAGE
Sample-187	G76371	LCSET-6032	1	NA	NA	HiSeqX	SAGE
Sample-188	G76371	LCSET-6032	1	NA	NA	HiSeqX	SAGE
Sample-189	G76371	LCSET-6032	1	NA	NA	HiSeqX	SAGE
Sample-190	G76371	LCSET-6032	1	NA	NA	HiSeqX	SAGE
Sample-191	G76371	LCSET-6032	1	NA	NA	HiSeqX	SAGE
Sample-192	G76371	LCSET-6032	1	NA	NA	HiSeqX	SAGE
Sample-193	G76371	LCSET-6032	1	NA	NA	HiSeqX	SAGE
Sample-194	G76371	LCSET-6032	1	NA	NA	HiSeqX	SAGE
Sample-195	G76371	LCSET-6032	1	NA	NA	HiSeqX	SAGE
Sample-196	G76371	LCSET-6032	1	NA	NA	HiSeqX	SAGE
Sample-197	G76371	LCSET-6032	1	NA	NA	HiSeqX	SAGE
Sample-198	G76371	LCSET-6032	1	NA	NA	HiSeqX	SAGE
Sample-199	G76371	LCSET-6032	1	NA	NA	HiSeqX	SAGE
Sample-200	G76371	LCSET-6032	1	NA	NA	HiSeqX	SAGE
Sample-201	G76371	LCSET-6032	1	NA	NA	HiSeqX	SAGE
Sample-202	G76371	LCSET-6032	1	NA	NA	HiSeqX	SAGE
Sample-203	G76371	LCSET-6032	1	NA	NA	HiSeqX	SAGE
Sample-204	G76371	LCSET-6032	1	NA	NA	HiSeqX	SAGE
Sample-205	G76371	LCSET-6032	1	NA	NA	HiSeqX	SAGE
Sample-206	G76371	LCSET-6032	1	NA	NA	HiSeqX	SAGE
Sample-207	G76371	LCSET-6032	1	NA	NA	HiSeqX	SAGE
Sample-208	G76371	LCSET-6032	1	NA	NA	HiSeqX	SAGE
Sample-209	G76371	LCSET-6032	1	NA	NA	HiSeqX	SAGE
Sample-210	G76371	LCSET-6032	1	NA	NA	HiSeqX	SAGE
Sample-211	G76371	LCSET-6032	1	Male	White	HiSeqX	SAGE
Sample-212	G76371	LCSET-6032	1	Male	White	HiSeqX	SAGE
Sample-213	G76371	LCSET-6032	1	Male	White	HiSeqX	SAGE
Sample-214	G76371	LCSET-6032	1	Female	African American	HiSeqX	SAGE
Sample-215	G76371	LCSET-6032	1	Male	White	HiSeqX	SAGE
Sample-216	G76371	LCSET-6032	1	Female	African American	HiSeqX	SAGE
Sample-217	G76371	LCSET-6032	1	Female	White	HiSeqX	SAGE
Sample-218	G76371	LCSET-6032	1	Female	White	HiSeqX	SAGE
Sample-219	G76371	LCSET-6032	1	Male	White	HiSeqX	SAGE
Sample-220	G76371	LCSET-6032	1	Male	White	HiSeqX	SAGE
Sample-221	G76371	LCSET-6032	1	Female	White	HiSeqX	SAGE
Sample-222	G76371	LCSET-6032	1	Male	White	HiSeqX	SAGE
Sample-223	G76371	LCSET-6032	1	Male	White	HiSeqX	SAGE
Sample-224	G76371	LCSET-6032	1	Male	White	HiSeqX	SAGE
Sample-225	G76371	LCSET-6032	1	Male	White	HiSeqX	SAGE
Sample-226	G76371	LCSET-6032	1	Male	White	HiSeqX	SAGE
Sample-227	G76371	LCSET-6032	1	Male	White	HiSeqX	SAGE
Sample-228	G76371	LCSET-6032	1	Female	White	HiSeqX	SAGE
Sample-229	G76371	LCSET-6032	1	Male	White	HiSeqX	SAGE
Sample-230	G76371	LCSET-6032	1	Male	White	HiSeqX	SAGE
Sample-231	G76371	LCSET-6032	1	Male	White	HiSeqX	SAGE
Sample-232	G76371	LCSET-6032	1	Male	White	HiSeqX	SAGE
Sample-233	G76371	LCSET-6032	1	Male	White	HiSeqX	SAGE
Sample-234	G76371	LCSET-6032	1	Male	White	HiSeqX	SAGE
Sample-235	G76371	LCSET-6032	1	Male	White	HiSeqX	SAGE
Sample-236	G76371	LCSET-6032	1	Female	White	HiSeqX	SAGE
Sample-237	G76371	LCSET-6032	1	Male	White	HiSeqX	SAGE
Sample-238	G76371	LCSET-6032	1	Male	White	HiSeqX	SAGE
Sample-239	G76371	LCSET-6032	1	Male	White	HiSeqX	SAGE
Sample-240	G76371	LCSET-6032	1	Female	White	HiSeqX	SAGE
Sample-241	G76371	LCSET-6032	1	Male	White	HiSeqX	SAGE
Sample-242	G76371	LCSET-6032	1	Male	White	HiSeqX	SAGE
Sample-243	G76371	LCSET-6032	1	Female	White	HiSeqX	SAGE
Sample-244	G76371	LCSET-6032	1	Female	White	HiSeqX	SAGE
Sample-245	G76371	LCSET-6032	1	Female	White	HiSeqX	SAGE
Sample-246	G76371	LCSET-6032	1	Male	White	HiSeqX	SAGE
Sample-247	G76371	LCSET-6032	1	Female	White	HiSeqX	SAGE
Sample-248	G77324	LCSET-6056	1	Female	African American	HiSeqX	SAGE
Sample-249	G77324	LCSET-6056	1	Male	White	HiSeqX	SAGE
Sample-250	G77324	LCSET-6056	1	Male	White	HiSeqX	SAGE
Sample-251	G77324	LCSET-6056	1	Male	White	HiSeqX	SAGE
Sample-252	G77324	LCSET-6056	1	Male	White	HiSeqX	SAGE
Sample-253	G77324	LCSET-6056	1	Female	White	HiSeqX	SAGE
Sample-254	G77324	LCSET-6056	1	Female	White	HiSeqX	SAGE
Sample-255	G77324	LCSET-6056	1	Female	White	HiSeqX	SAGE
Sample-256	G77324	LCSET-6056	1	Male	White	HiSeqX	SAGE
Sample-257	G77324	LCSET-6056	1	Male	White	HiSeqX	SAGE
Sample-258	G77324	LCSET-6056	1	Male	White	HiSeqX	SAGE
Sample-259	G77324	LCSET-6056	1	Male	White	HiSeqX	SAGE
Sample-260	G77324	LCSET-6056	1	Male	White	HiSeqX	SAGE
Sample-261	G77324	LCSET-6056	1	Female	White	HiSeqX	SAGE
Sample-262	G77324	LCSET-6056	3	Male	White	HiSeqX	SAGE
Sample-263	G77324	LCSET-6056	1	Male	White	HiSeqX	SAGE
Sample-264	G77324	LCSET-6056	1	Female	White	HiSeqX	SAGE
Sample-265	G77324	LCSET-6056	1	Female	White	HiSeqX	SAGE
Sample-266	G77324	LCSET-6056	1	Male	White	HiSeqX	SAGE
Sample-267	G77324	LCSET-6056	1	Male	White	HiSeqX	SAGE
Sample-268	G77324	LCSET-6056	1	Male	White	HiSeqX	SAGE
Sample-269	G77324	LCSET-6056	1	Female	White	HiSeqX	SAGE
Sample-270	G77324	LCSET-6056	1	Female	White	HiSeqX	SAGE
Sample-271	G77324	LCSET-6056	1	Male	White	HiSeqX	SAGE
Sample-272	G77324	LCSET-6056	1	Male	White	HiSeqX	SAGE
Sample-273	G77324	LCSET-6056	1	Male	African American	HiSeqX	SAGE
Sample-274	G77324	LCSET-6056	1	Male	African American	HiSeqX	SAGE
Sample-275	G77324	LCSET-6056	1	Male	White	HiSeqX	SAGE
Sample-276	G77324	LCSET-6056	1	Male	African American	HiSeqX	SAGE
Sample-277	G77324	LCSET-6056	1	Male	White	HiSeqX	SAGE
Sample-278	G77324	LCSET-6056	1	Female	White	HiSeqX	SAGE
Sample-279	G77324	LCSET-6056	1	Male	White	HiSeqX	SAGE
Sample-280	G77324	LCSET-6056	1	Female	African American	HiSeqX	SAGE
Sample-281	G77324	LCSET-6056	1	Male	White	HiSeqX	SAGE
Sample-282	G77324	LCSET-6056	1	Female	White	HiSeqX	SAGE
Sample-283	G77324	LCSET-6056	1	Male	African American	HiSeqX	SAGE
Sample-284	G77324	LCSET-6056	1	Male	White	HiSeqX	SAGE
Sample-285	G77324	LCSET-6056	1	Female	White	HiSeqX	SAGE
Sample-286	G77324	LCSET-6056	1	Female	White	HiSeqX	SAGE
Sample-287	G77324	LCSET-6056	1	Female	White	HiSeqX	SAGE
Sample-288	G77324	LCSET-6056	1	Male	White	HiSeqX	SAGE
Sample-289	G77324	LCSET-6056	1	Female	White	HiSeqX	SAGE
Sample-290	G77324	LCSET-6056	1	Male	African American	HiSeqX	SAGE
Sample-291	G77324	LCSET-6056	1	Male	White	HiSeqX	SAGE
Sample-292	G77324	LCSET-6056	1	Female	White	HiSeqX	SAGE
Sample-293	G77324	LCSET-6056	1	Male	African American	HiSeqX	SAGE
Sample-294	G77324	LCSET-6056	1	Male	White	HiSeqX	SAGE
Sample-295	G77324	LCSET-6056	1	Male	White	HiSeqX	SAGE
Sample-296	G77324	LCSET-6056	1	Female	White	HiSeqX	SAGE
Sample-297	G77324	LCSET-6056	1	Female	African American	HiSeqX	SAGE
Sample-298	G77324	LCSET-6056	1	Female	White	HiSeqX	SAGE
Sample-299	G77324	LCSET-6056	1	Female	White	HiSeqX	SAGE
Sample-300	G77324	LCSET-6056	1	Female	White	HiSeqX	SAGE
Sample-301	G77324	LCSET-6056	1	Male	White	HiSeqX	SAGE
Sample-302	G77324	LCSET-6056	1	Female	White	HiSeqX	SAGE
Sample-303	G77324	LCSET-6056	1	Male	African American	HiSeqX	SAGE
Sample-304	G77324	LCSET-6056	1	Male	White	HiSeqX	SAGE
Sample-305	G77324	LCSET-6056	1	Male	White	HiSeqX	SAGE
Sample-306	G77324	LCSET-6056	1	Female	White	HiSeqX	SAGE
Sample-307	G77324	LCSET-6056	1	Male	White	HiSeqX	SAGE
Sample-308	G77324	LCSET-6056	1	Male	White	HiSeqX	SAGE
Sample-309	G77324	LCSET-6056	1	Male	African American	HiSeqX	SAGE
Sample-310	G77324	LCSET-6056	1	Male	White	HiSeqX	SAGE
Sample-311	G77324	LCSET-6056	1	Female	White	HiSeqX	SAGE
Sample-312	G77324	LCSET-6056	1	Female	White	HiSeqX	SAGE
Sample-313	G77324	LCSET-6056	1	Male	African American	HiSeqX	SAGE
Sample-314	G77324	LCSET-6056	1	Female	White	HiSeqX	SAGE
Sample-315	G77324	LCSET-6056	1	Male	White	HiSeqX	SAGE
Sample-316	G77324	LCSET-6056	1	Male	African American	HiSeqX	SAGE
Sample-317	G77324	LCSET-6056	1	Female	White	HiSeqX	SAGE
Sample-318	G77324	LCSET-6056	1	Female	White	HiSeqX	SAGE
Sample-319	G77324	LCSET-6056	1	Female	White	HiSeqX	SAGE
Sample-320	G77324	LCSET-6056	1	Male	African American	HiSeqX	SAGE
Sample-321	G77324	LCSET-6056	1	Male	White	HiSeqX	SAGE
Sample-322	G77324	LCSET-6056	1	Female	White	HiSeqX	SAGE
Sample-323	G77324	LCSET-6056	1	Male	White	HiSeqX	SAGE
Sample-324	G77324	LCSET-6056	1	Female	White	HiSeqX	SAGE
Sample-325	G77324	LCSET-6056	1	Male	White	HiSeqX	SAGE
Sample-326	G77324	LCSET-6056	1	Male	African American	HiSeqX	SAGE
Sample-327	G77324	LCSET-6056	1	Male	African American	HiSeqX	SAGE
Sample-328	G77324	LCSET-6056	1	Male	White	HiSeqX	SAGE
Sample-329	G77324	LCSET-6056	1	Female	White	HiSeqX	SAGE
Sample-330	G77324	LCSET-6056	1	Male	White	HiSeqX	SAGE
Sample-331	G77324	LCSET-6056	1	Female	White	HiSeqX	SAGE
Sample-332	G77324	LCSET-6056	1	Male	Asian	HiSeqX	SAGE
Sample-333	G77324	LCSET-6056	1	Female	White	HiSeqX	SAGE
Sample-334	G77324	LCSET-6056	1	Female	White	HiSeqX	SAGE
Sample-335	G77324	LCSET-6056	1	Male	White	HiSeqX	SAGE
Sample-336	G77324	LCSET-6056	1	Male	White	HiSeqX	SAGE
Sample-337	G77324	LCSET-6056	1	Female	White	HiSeqX	SAGE
Sample-338	G77360	LCSET-6066	1	Female	African American	HiSeqX	SAGE
Sample-339	G77360	LCSET-6066	1	Male	White	HiSeqX	SAGE
Sample-340	G77360	LCSET-6066	1	Male	White	HiSeqX	SAGE
Sample-341	G77360	LCSET-6066	2	Male	White	HiSeqX	SAGE
Sample-342	G77360	LCSET-6066	6	Female	White	HiSeqX	SAGE
Sample-343	G77360	LCSET-6066	1	Female	White	HiSeqX	SAGE
Sample-344	G77360	LCSET-6066	1	Male	White	HiSeqX	SAGE
Sample-345	G77360	LCSET-6066	1	Male	White	HiSeqX	SAGE
Sample-346	G77360	LCSET-6066	1	Male	White	HiSeqX	SAGE
Sample-347	G77360	LCSET-6066	1	Female	White	HiSeqX	SAGE
Sample-348	G77360	LCSET-6066	1	Male	White	HiSeqX	SAGE
Sample-349	G77360	LCSET-6066	1	Male	White	HiSeqX	SAGE
Sample-350	G77360	LCSET-6066	1	Male	White	HiSeqX	SAGE
Sample-351	G77360	LCSET-6066	1	Male	White	HiSeqX	SAGE
Sample-352	G77360	LCSET-6066	1	Male	White	HiSeqX	SAGE
Sample-353	G77360	LCSET-6066	1	Male	White	HiSeqX	SAGE
Sample-354	G77360	LCSET-6066	1	Male	White	HiSeqX	SAGE
Sample-355	G77360	LCSET-6066	1	Male	White	HiSeqX	SAGE
Sample-356	G77360	LCSET-6066	1	Male	White	HiSeqX	SAGE
Sample-357	G77360	LCSET-6066	1	Female	White	HiSeqX	SAGE
Sample-358	G77360	LCSET-6066	2	Male	White	HiSeqX	SAGE
Sample-359	G77360	LCSET-6066	1	Male	African American	HiSeqX	SAGE
Sample-360	G77360	LCSET-6066	1	Male	White	HiSeqX	SAGE
Sample-361	G77360	LCSET-6066	1	Male	African American	HiSeqX	SAGE
Sample-362	G77360	LCSET-6066	1	Male	White	HiSeqX	SAGE
Sample-363	G77360	LCSET-6066	1	Female	White	HiSeqX	SAGE
Sample-364	G77360	LCSET-6066	1	Female	White	HiSeqX	SAGE
Sample-365	G77360	LCSET-6066	1	Male	White	HiSeqX	SAGE
Sample-366	G77360	LCSET-6066	1	Male	African American	HiSeqX	SAGE
Sample-367	G77360	LCSET-6066	1	Male	White	HiSeqX	SAGE
Sample-368	G77360	LCSET-6066	1	Male	White	HiSeqX	SAGE
Sample-369	G77360	LCSET-6066	1	Female	African American	HiSeqX	SAGE
Sample-370	G77360	LCSET-6066	1	Male	White	HiSeqX	SAGE
Sample-371	G77360	LCSET-6066	1	Female	African American	HiSeqX	SAGE
Sample-372	G77360	LCSET-6066	1	Male	White	HiSeqX	SAGE
Sample-373	G77360	LCSET-6066	1	Male	African American	HiSeqX	SAGE
Sample-374	G77360	LCSET-6066	1	Male	White	HiSeqX	SAGE
Sample-375	G77360	LCSET-6066	3	Male	White	HiSeqX	SAGE
Sample-376	G77360	LCSET-6066	1	Female	White	HiSeqX	SAGE
Sample-377	G77360	LCSET-6066	1	Male	Asian	HiSeqX	SAGE
Sample-378	G77360	LCSET-6066	1	Male	White	HiSeqX	SAGE
Sample-379	G77360	LCSET-6066	1	Male	White	HiSeqX	SAGE
Sample-380	G77360	LCSET-6066	1	Male	White	HiSeqX	SAGE
Sample-381	G77360	LCSET-6066	1	Female	White	HiSeqX	SAGE
Sample-382	G77360	LCSET-6066	2	Male	White	HiSeqX	SAGE
Sample-383	G77360	LCSET-6066	1	Male	White	HiSeqX	SAGE
Sample-384	G77360	LCSET-6066	1	Male	Not Reported	HiSeqX	SAGE
Sample-385	G77360	LCSET-6066	1	Male	White	HiSeqX	SAGE
Sample-386	G77360	LCSET-6066	1	Male	White	HiSeqX	SAGE
Sample-387	G77360	LCSET-6066	1	Female	African American	HiSeqX	SAGE
Sample-388	G77360	LCSET-6066	1	Female	White	HiSeqX	SAGE
Sample-389	G77360	LCSET-6066	1	Male	White	HiSeqX	SAGE
Sample-390	G77360	LCSET-6066	1	Male	White	HiSeqX	SAGE
Sample-391	G77360	LCSET-6066	1	Male	White	HiSeqX	SAGE
Sample-392	G77360	LCSET-6066	1	Male	White	HiSeqX	SAGE
Sample-393	G77360	LCSET-6066	2	Male	White	HiSeqX	SAGE
Sample-394	G77360	LCSET-6066	1	Male	White	HiSeqX	SAGE
Sample-395	G77360	LCSET-6066	1	Female	White	HiSeqX	SAGE
Sample-396	G77360	LCSET-6066	1	Female	White	HiSeqX	SAGE
Sample-397	G77360	LCSET-6066	1	Female	White	HiSeqX	SAGE
Sample-398	G77360	LCSET-6066	1	Female	White	HiSeqX	SAGE
Sample-399	G77360	LCSET-6066	1	Male	White	HiSeqX	SAGE
Sample-400	G77360	LCSET-6066	1	Male	White	HiSeqX	SAGE
Sample-401	G77360	LCSET-6066	1	Male	White	HiSeqX	SAGE
Sample-402	G77360	LCSET-6066	1	Female	White	HiSeqX	SAGE
Sample-403	G77360	LCSET-6066	1	Male	White	HiSeqX	SAGE
Sample-404	G77360	LCSET-6066	1	Male	White	HiSeqX	SAGE
Sample-405	G77360	LCSET-6066	1	Female	African American	HiSeqX	SAGE
Sample-406	G77360	LCSET-6066	1	Female	White	HiSeqX	SAGE
Sample-407	G77360	LCSET-6066	1	Female	African American	HiSeqX	SAGE
Sample-408	G77360	LCSET-6066	1	Male	White	HiSeqX	SAGE
Sample-409	G77360	LCSET-6066	1	Female	White	HiSeqX	SAGE
Sample-410	G77360	LCSET-6066	1	Male	White	HiSeqX	SAGE
Sample-411	G77360	LCSET-6066	1	Male	White	HiSeqX	SAGE
Sample-412	G77360	LCSET-6066	1	Female	White	HiSeqX	SAGE
Sample-413	G77360	LCSET-6066	1	Male	White	HiSeqX	SAGE
Sample-414	G77360	LCSET-6066	1	Female	White	HiSeqX	SAGE
Sample-415	G77360	LCSET-6066	1	Male	White	HiSeqX	SAGE
Sample-416	G77360	LCSET-6066	1	Male	White	HiSeqX	SAGE
Sample-417	G77360	LCSET-6066	1	Male	White	HiSeqX	SAGE
Sample-418	G77360	LCSET-6066	1	Male	White	HiSeqX	SAGE
Sample-419	G76371	LCSET-6235	1	NA	NA	HiSeqX	SAGE
Sample-420	G76371	LCSET-6235	1	NA	NA	HiSeqX	SAGE
Sample-421	G76371	LCSET-6235	1	NA	NA	HiSeqX	SAGE
Sample-422	G76371	LCSET-6235	1	NA	NA	HiSeqX	SAGE
Sample-423	G76371	LCSET-6235	1	NA	NA	HiSeqX	SAGE
Sample-424	G76371	LCSET-6235	1	Male	White	HiSeqX	SAGE
Sample-425	G76371	LCSET-6235	1	Male	White	HiSeqX	SAGE
Sample-426	G76371	LCSET-6235	1	Female	African American	HiSeqX	SAGE
Sample-427	G76371	LCSET-6235	1	Male	White	HiSeqX	SAGE
Sample-428	G77360	LCSET-6235	1	Male	White	HiSeqX	SAGE
Sample-429	G77360	LCSET-6235	1	Male	White	HiSeqX	SAGE
Sample-430	G77360	LCSET-6235	1	Male	White	HiSeqX	SAGE
Sample-431	G77360	LCSET-6235	1	Female	White	HiSeqX	SAGE
Sample-432	G77360	LCSET-6235	6	Male	White	HiSeqX	SAGE
Sample-433	G77360	LCSET-6235	1	Female	White	HiSeqX	SAGE
Sample-434	G77360	LCSET-6235	1	Female	White	HiSeqX	SAGE
Sample-435	G77360	LCSET-6235	1	Female	White	HiSeqX	SAGE
Sample-436	G77360	LCSET-6235	1	Male	White	HiSeqX	SAGE
Sample-437	G77360	LCSET-6235	1	Female	White	HiSeqX	SAGE
Sample-438	G77360	LCSET-6235	1	Female	White	HiSeqX	SAGE
Sample-439	G77324	LCSET-6242	2	Male	African American	HiSeqX	SAGE
Sample-440	G77324	LCSET-6242	2	Male	African American	HiSeqX	SAGE
Sample-441	G77324	LCSET-6242	2	Male	White	HiSeqX	SAGE
Sample-442	G77324	LCSET-6242	2	Male	White	HiSeqX	SAGE
Sample-443	G77324	LCSET-6242	9	Female	White	HiSeqX	SAGE
Sample-444	G77360	LCSET-6302	2	Female	White	HiSeqX	SAGE
Sample-445	G80551	LCSET-6341	1	Male	Asian	HiSeqX	SAGE
Sample-446	G80551	LCSET-6341	1	Female	White	HiSeqX	SAGE
Sample-447	G80551	LCSET-6341	1	Male	White	HiSeqX	SAGE
Sample-448	G80551	LCSET-6341	1	Male	White	HiSeqX	SAGE
Sample-449	G80551	LCSET-6341	1	Male	White	HiSeqX	SAGE
Sample-450	G80551	LCSET-6341	1	Male	White	HiSeqX	SAGE
Sample-451	G80551	LCSET-6341	1	Male	White	HiSeqX	SAGE
Sample-452	G80551	LCSET-6341	1	Female	White	HiSeqX	SAGE
Sample-453	G80551	LCSET-6341	1	Male	White	HiSeqX	SAGE
Sample-454	G80551	LCSET-6341	1	Female	White	HiSeqX	SAGE
Sample-455	G80551	LCSET-6341	1	Female	White	HiSeqX	SAGE
Sample-456	G80551	LCSET-6341	1	Female	White	HiSeqX	SAGE
Sample-457	G80551	LCSET-6341	1	Male	White	HiSeqX	SAGE
Sample-458	G80551	LCSET-6341	1	Male	African American	HiSeqX	SAGE
Sample-459	G80551	LCSET-6341	1	Male	White	HiSeqX	SAGE
Sample-460	G80551	LCSET-6341	1	Female	White	HiSeqX	SAGE
Sample-461	G80551	LCSET-6341	2	Male	African American	HiSeqX	SAGE
Sample-462	G80551	LCSET-6341	1	Female	White	HiSeqX	SAGE
Sample-463	G80551	LCSET-6341	2	Female	White	HiSeqX	SAGE
Sample-464	G80551	LCSET-6341	1	Male	White	HiSeqX	SAGE
Sample-465	G80551	LCSET-6341	2	Male	White	HiSeqX	SAGE
Sample-466	G80551	LCSET-6341	1	Male	Unknown	HiSeqX	SAGE
Sample-467	G80551	LCSET-6341	1	Female	White	HiSeqX	SAGE
Sample-468	G80551	LCSET-6341	1	Male	White	HiSeqX	SAGE
Sample-469	G80551	LCSET-6341	1	Female	White	HiSeqX	SAGE
Sample-470	G80551	LCSET-6341	1	Male	Not Reported	HiSeqX	SAGE
Sample-471	G80551	LCSET-6341	2	Male	White	HiSeqX	SAGE
Sample-472	G80551	LCSET-6341	1	Female	White	HiSeqX	SAGE
Sample-473	G80551	LCSET-6341	1	Male	African American	HiSeqX	SAGE
Sample-474	G80551	LCSET-6341	1	Male	African American	HiSeqX	SAGE
Sample-475	G80551	LCSET-6341	1	Male	White	HiSeqX	SAGE
Sample-476	G80551	LCSET-6341	1	Female	White	HiSeqX	SAGE
Sample-477	G80551	LCSET-6341	1	Male	African American	HiSeqX	SAGE
Sample-478	G80551	LCSET-6341	2	Male	White	HiSeqX	SAGE
Sample-479	G80551	LCSET-6341	1	Male	White	HiSeqX	SAGE
Sample-480	G80551	LCSET-6341	1	Female	White	HiSeqX	SAGE
Sample-481	G80551	LCSET-6341	1	Male	White	HiSeqX	SAGE
Sample-482	G80551	LCSET-6341	2	Male	White	HiSeqX	SAGE
Sample-483	G80551	LCSET-6341	1	Male	White	HiSeqX	SAGE
Sample-484	G80551	LCSET-6341	1	Female	Asian	HiSeqX	SAGE
Sample-485	G80551	LCSET-6341	2	Male	African American	HiSeqX	SAGE
Sample-486	G80551	LCSET-6341	1	Male	White	HiSeqX	SAGE
Sample-487	G80551	LCSET-6341	1	Male	White	HiSeqX	SAGE
Sample-488	G80551	LCSET-6341	1	Female	White	HiSeqX	SAGE
Sample-489	G80551	LCSET-6341	1	Female	White	HiSeqX	SAGE
Sample-490	G80551	LCSET-6341	1	Female	White	HiSeqX	SAGE
Sample-491	G80551	LCSET-6341	1	Male	White	HiSeqX	SAGE
Sample-492	G80551	LCSET-6341	1	Male	White	HiSeqX	SAGE
Sample-493	G80551	LCSET-6341	1	Male	White	HiSeqX	SAGE
Sample-494	G80551	LCSET-6341	1	Male	White	HiSeqX	SAGE
Sample-495	G80551	LCSET-6341	1	Female	White	HiSeqX	SAGE
Sample-496	G80551	LCSET-6341	1	Male	White	HiSeqX	SAGE
Sample-497	G80551	LCSET-6341	1	Male	African American	HiSeqX	SAGE
Sample-498	G80551	LCSET-6341	1	Male	White	HiSeqX	SAGE
Sample-499	G80551	LCSET-6341	1	Male	White	HiSeqX	SAGE
Sample-500	G80551	LCSET-6341	1	Male	White	HiSeqX	SAGE
Sample-501	G80551	LCSET-6341	1	Male	White	HiSeqX	SAGE
Sample-502	G80551	LCSET-6341	1	Female	White	HiSeqX	SAGE
Sample-503	G80551	LCSET-6341	1	Male	White	HiSeqX	SAGE
Sample-504	G80551	LCSET-6341	1	Male	White	HiSeqX	SAGE
Sample-505	G80551	LCSET-6341	1	NA	NA	HiSeqX	SAGE
Sample-506	G80551	LCSET-6341	1	NA	NA	HiSeqX	SAGE
Sample-507	G80551	LCSET-6341	1	NA	NA	HiSeqX	SAGE
Sample-508	G80551	LCSET-6341	1	NA	NA	HiSeqX	SAGE
Sample-509	G80551	LCSET-6341	1	NA	NA	HiSeqX	SAGE
Sample-510	G80551	LCSET-6341	1	NA	NA	HiSeqX	SAGE
Sample-511	G80551	LCSET-6341	1	NA	NA	HiSeqX	SAGE
Sample-512	G80551	LCSET-6341	1	NA	NA	HiSeqX	SAGE
Sample-513	G80551	LCSET-6341	1	NA	NA	HiSeqX	SAGE
Sample-514	G80551	LCSET-6341	1	NA	NA	HiSeqX	SAGE
Sample-515	G80551	LCSET-6341	1	Female	White	HiSeqX	SAGE
Sample-516	G80551	LCSET-6341	1	Female	White	HiSeqX	SAGE
Sample-517	G80551	LCSET-6341	1	Male	White	HiSeqX	SAGE
Sample-518	G80551	LCSET-6341	1	Male	White	HiSeqX	SAGE
Sample-519	G80551	LCSET-6341	1	Male	White	HiSeqX	SAGE
Sample-520	G80551	LCSET-6341	1	Male	White	HiSeqX	SAGE
Sample-521	G80551	LCSET-6341	1	Female	White	HiSeqX	SAGE
Sample-522	G80551	LCSET-6341	1	Male	White	HiSeqX	SAGE
Sample-523	G80551	LCSET-6341	1	Female	White	HiSeqX	SAGE
Sample-524	G80551	LCSET-6341	1	Female	White	HiSeqX	SAGE
Sample-525	G80551	LCSET-6341	1	Female	White	HiSeqX	SAGE
Sample-526	G80551	LCSET-6341	1	Male	White	HiSeqX	SAGE
Sample-527	G80551	LCSET-6341	1	Female	White	HiSeqX	SAGE
Sample-528	G80551	LCSET-6341	1	Male	African American	HiSeqX	SAGE
Sample-529	G80551	LCSET-6341	1	Female	White	HiSeqX	SAGE
Sample-530	G76371	LCSET-6345	1	NA	NA	HiSeqX	SAGE
Sample-531	G80551	LCSET-6363	1	NA	NA	HiSeqX	SAGE
Sample-532	G80551	LCSET-6363	1	NA	NA	HiSeqX	SAGE
Sample-533	G80551	LCSET-6363	1	NA	NA	HiSeqX	SAGE
Sample-534	G80551	LCSET-6363	1	NA	NA	HiSeqX	SAGE
Sample-535	G80551	LCSET-6363	1	NA	NA	HiSeqX	SAGE
Sample-536	G80551	LCSET-6363	1	NA	NA	HiSeqX	SAGE
Sample-537	G80551	LCSET-6363	1	NA	NA	HiSeqX	SAGE
Sample-538	G80551	LCSET-6363	1	NA	NA	HiSeqX	SAGE
Sample-539	G80551	LCSET-6363	1	NA	NA	HiSeqX	SAGE
Sample-540	G80551	LCSET-6363	1	NA	NA	HiSeqX	SAGE
Sample-541	G80551	LCSET-6363	1	NA	NA	HiSeqX	SAGE
Sample-542	G80551	LCSET-6363	1	NA	NA	HiSeqX	SAGE
Sample-543	G80551	LCSET-6363	1	NA	NA	HiSeqX	SAGE
Sample-544	G80551	LCSET-6363	1	NA	NA	HiSeqX	SAGE
Sample-545	G80551	LCSET-6363	1	NA	NA	HiSeqX	SAGE
Sample-546	G80551	LCSET-6363	1	NA	NA	HiSeqX	SAGE
Sample-547	G80551	LCSET-6363	1	NA	NA	HiSeqX	SAGE
Sample-548	G80551	LCSET-6363	1	NA	NA	HiSeqX	SAGE
Sample-549	G80551	LCSET-6363	1	NA	NA	HiSeqX	SAGE
Sample-550	G80551	LCSET-6363	1	NA	NA	HiSeqX	SAGE
Sample-551	G80551	LCSET-6363	1	NA	NA	HiSeqX	SAGE
Sample-552	G80551	LCSET-6363	1	NA	NA	HiSeqX	SAGE
Sample-553	G80551	LCSET-6363	1	NA	NA	HiSeqX	SAGE
Sample-554	G80551	LCSET-6363	1	NA	NA	HiSeqX	SAGE
Sample-555	G80551	LCSET-6363	1	NA	NA	HiSeqX	SAGE
Sample-556	G80551	LCSET-6363	1	Female	White	HiSeqX	SAGE
Sample-557	G80551	LCSET-6363	1	Male	White	HiSeqX	SAGE
Sample-558	G80551	LCSET-6363	1	Male	White	HiSeqX	SAGE
Sample-559	G80551	LCSET-6363	1	Male	White	HiSeqX	SAGE
Sample-560	G80551	LCSET-6363	1	Female	White	HiSeqX	SAGE
Sample-561	G80551	LCSET-6748	1	Male	African American	HiSeqX	SAGE
Sample-562	G87945	LCSET-6780	1	NA	NA	HiSeqX	SAGE
Sample-563	G87945	LCSET-6780	1	NA	NA	HiSeqX	SAGE
Sample-564	G87945	LCSET-6780	1	NA	NA	HiSeqX	SAGE
Sample-565	G87945	LCSET-6780	1	NA	NA	HiSeqX	SAGE
Sample-566	G87945	LCSET-6780	1	NA	NA	HiSeqX	SAGE
Sample-567	G87945	LCSET-6780	1	NA	NA	HiSeqX	SAGE
Sample-568	G87945	LCSET-6780	1	NA	NA	HiSeqX	SAGE
Sample-569	G87945	LCSET-6780	1	NA	NA	HiSeqX	SAGE
Sample-570	G87945	LCSET-6780	1	NA	NA	HiSeqX	SAGE
Sample-571	G87945	LCSET-6780	1	NA	NA	HiSeqX	SAGE
Sample-572	G87945	LCSET-6780	1	NA	NA	HiSeqX	SAGE
Sample-573	G87945	LCSET-6780	1	NA	NA	HiSeqX	SAGE
Sample-574	G87945	LCSET-6780	1	NA	NA	HiSeqX	SAGE
Sample-575	G87945	LCSET-6780	1	NA	NA	HiSeqX	SAGE
Sample-576	G87945	LCSET-6780	1	NA	NA	HiSeqX	SAGE
Sample-577	G87945	LCSET-6780	1	NA	NA	HiSeqX	SAGE
Sample-578	G87945	LCSET-6780	1	NA	NA	HiSeqX	SAGE
Sample-579	G87945	LCSET-6780	1	NA	NA	HiSeqX	SAGE
Sample-580	G87945	LCSET-6780	1	NA	NA	HiSeqX	SAGE
Sample-581	G87945	LCSET-6780	1	NA	NA	HiSeqX	SAGE
Sample-582	G87945	LCSET-6780	1	NA	NA	HiSeqX	SAGE
Sample-583	G87945	LCSET-6780	1	NA	NA	HiSeqX	SAGE
Sample-584	G87945	LCSET-6780	1	NA	NA	HiSeqX	SAGE
Sample-585	G87945	LCSET-6780	1	NA	NA	HiSeqX	SAGE
Sample-586	G87945	LCSET-6780	1	NA	NA	HiSeqX	SAGE
Sample-587	G87945	LCSET-6780	1	NA	NA	HiSeqX	SAGE
Sample-588	G87945	LCSET-6780	1	NA	NA	HiSeqX	SAGE
Sample-589	G87945	LCSET-6780	1	NA	NA	HiSeqX	SAGE
Sample-590	G87945	LCSET-6780	1	NA	NA	HiSeqX	SAGE
Sample-591	G87945	LCSET-6780	1	NA	NA	HiSeqX	SAGE
Sample-592	G87945	LCSET-6780	1	NA	NA	HiSeqX	SAGE
Sample-593	G87945	LCSET-6780	1	NA	NA	HiSeqX	SAGE
Sample-594	G87945	LCSET-6780	1	NA	NA	HiSeqX	SAGE
Sample-595	G87945	LCSET-6780	1	NA	NA	HiSeqX	SAGE
Sample-596	G87945	LCSET-6780	1	NA	NA	HiSeqX	SAGE
Sample-597	G87945	LCSET-6780	1	NA	NA	HiSeqX	SAGE
Sample-598	G87945	LCSET-6780	1	NA	NA	HiSeqX	SAGE
Sample-599	G87945	LCSET-6780	1	NA	NA	HiSeqX	SAGE
Sample-600	G87945	LCSET-6780	1	NA	NA	HiSeqX	SAGE
Sample-601	G87945	LCSET-6780	1	NA	NA	HiSeqX	SAGE
Sample-602	G87945	LCSET-6780	1	NA	NA	HiSeqX	SAGE
Sample-603	G87945	LCSET-6780	1	NA	NA	HiSeqX	SAGE
Sample-604	G87945	LCSET-6780	1	NA	NA	HiSeqX	SAGE
Sample-605	G87945	LCSET-6780	1	NA	NA	HiSeqX	SAGE
Sample-606	G87945	LCSET-6780	1	NA	NA	HiSeqX	SAGE
Sample-607	G87945	LCSET-6780	1	NA	NA	HiSeqX	SAGE
Sample-608	G87945	LCSET-6780	1	NA	NA	HiSeqX	SAGE
Sample-609	G87945	LCSET-6780	1	NA	NA	HiSeqX	SAGE
Sample-610	G87945	LCSET-6780	1	NA	NA	HiSeqX	SAGE
Sample-611	G87945	LCSET-6780	1	NA	NA	HiSeqX	SAGE
Sample-612	G87945	LCSET-6780	1	NA	NA	HiSeqX	SAGE
Sample-613	G87945	LCSET-6780	1	NA	NA	HiSeqX	SAGE
Sample-614	G87945	LCSET-6780	1	NA	NA	HiSeqX	SAGE
Sample-615	G87945	LCSET-6780	1	NA	NA	HiSeqX	SAGE
Sample-616	G87945	LCSET-6780	1	NA	NA	HiSeqX	SAGE
Sample-617	G87945	LCSET-6780	1	NA	NA	HiSeqX	SAGE
Sample-618	G87945	LCSET-6780	1	NA	NA	HiSeqX	SAGE
Sample-619	G87945	LCSET-6780	1	NA	NA	HiSeqX	SAGE
Sample-620	G87945	LCSET-6780	1	NA	NA	HiSeqX	SAGE
Sample-621	G87945	LCSET-6780	1	NA	NA	HiSeqX	SAGE
Sample-622	G87945	LCSET-6780	1	NA	NA	HiSeqX	SAGE
Sample-623	G87945	LCSET-6780	1	NA	NA	HiSeqX	SAGE
Sample-624	G87945	LCSET-6780	1	NA	NA	HiSeqX	SAGE
Sample-625	G87945	LCSET-6780	1	NA	NA	HiSeqX	SAGE
Sample-626	G87945	LCSET-6780	1	NA	NA	HiSeqX	SAGE
Sample-627	G87945	LCSET-6780	1	NA	NA	HiSeqX	SAGE
Sample-628	G87945	LCSET-6780	1	NA	NA	HiSeqX	SAGE
Sample-629	G87945	LCSET-6780	1	NA	NA	HiSeqX	SAGE
Sample-630	G87945	LCSET-6780	1	NA	NA	HiSeqX	SAGE
Sample-631	G87945	LCSET-6780	1	NA	NA	HiSeqX	SAGE
Sample-632	G87945	LCSET-6780	1	NA	NA	HiSeqX	SAGE
Sample-633	G87945	LCSET-6780	1	NA	NA	HiSeqX	SAGE
Sample-634	G87945	LCSET-6780	1	NA	NA	HiSeqX	SAGE
Sample-635	G87945	LCSET-6780	1	NA	NA	HiSeqX	SAGE
Sample-636	G87945	LCSET-6780	1	NA	NA	HiSeqX	SAGE
Sample-637	G87945	LCSET-6780	1	NA	NA	HiSeqX	SAGE
Sample-638	G87945	LCSET-6780	1	NA	NA	HiSeqX	SAGE
Sample-639	G80551	LCSET-6846	4	Female	White	HiSeqX	SAGE
Sample-640	G87945	LCSET-6880	1	NA	NA	HiSeqX	SAGE
Sample-641	G87945	LCSET-6880	1	NA	NA	HiSeqX	SAGE
Sample-642	G80551	LCSET-6909	3	Male	White	HiSeqX	SAGE
Sample-643	G80551	LCSET-6909	5	NA	NA	HiSeqX	SAGE
Sample-644	G80551	LCSET-6909	4	NA	NA	HiSeqX	SAGE
Sample-645	G80551	LCSET-6909	2	NA	NA	HiSeqX	SAGE
Sample-646	G80551	LCSET-6909	2	NA	NA	HiSeqX	SAGE
Sample-647	G80551	LCSET-6909	3	NA	NA	HiSeqX	SAGE
Sample-648	G80551	LCSET-6909	2	NA	NA	HiSeqX	SAGE
Sample-649	G90704	LCSET-7330	1	Female	White	HiSeqX	SAGE
Sample-650	G90704	LCSET-7330	1	Female	White	HiSeqX	SAGE
Sample-651	G90704	LCSET-7330	1	Male	White	HiSeqX	SAGE
Sample-652	G90704	LCSET-7330	1	Female	White	HiSeqX	SAGE
Sample-653	G90704	LCSET-7330	1	Male	White	HiSeqX	SAGE
Sample-654	G90704	LCSET-7330	1	Male	White	HiSeqX	SAGE
Sample-655	G90704	LCSET-7330	1	Female	White	HiSeqX	SAGE
Sample-656	G90704	LCSET-7729	3	Male	African American	HiSeqX	NonSAGE
Sample-657	G90704	LCSET-7729	3	Female	White	HiSeqX	NonSAGE
Sample-658	G90704	LCSET-7729	3	Male	African American	HiSeqX	NonSAGE
Sample-659	G90704	LCSET-7900	2	Female	White	HiSeqX	NonSAGE
Sample-660	G90704	LCSET-7900	2	Male	White	HiSeqX	NonSAGE
